#{"t_start": 1773695409.81789, "env_id": "None"}
r,l,t
-206.0,200,1.846453
-172.99,200,1.944766
-209.0,200,2.066497
-186.0,200,2.169706
-214.0,200,2.270319
-212.0,200,2.370947
-196.99,200,2.467583
-190.0,200,2.568338
-176.98,200,2.66792
-218.99,200,2.769817
-249.0,200,2.87133
-216.0,200,2.976091
-155.99,200,3.102674
-219.99,200,3.215711
-211.0,200,3.322424
-219.99,200,3.431078
-14.97,99,3.483804
13.48,54,3.520003
-214.0,200,3.641574
-189.0,200,3.754892
-230.0,200,3.864741
-178.0,200,3.977974
-195.99,200,4.086083
-191.0,200,4.199957
-212.99,200,4.3344
-151.0,200,4.450467
-169.0,200,4.562302
-193.0,200,4.671447
-41.16,118,4.737064
-242.99,200,4.848663
-198.98,200,4.962249
-255.0,200,5.076219
-249.0,200,5.189407
-237.99,200,5.303446
-220.0,200,5.415864
-159.98,200,5.532065
-213.99,200,5.647884
-122.0,200,5.766679
-13.9,92,5.821217
-225.99,200,5.939593
-298.0,200,6.056356
-259.0,200,6.1722
-184.0,200,6.292904
-276.0,200,6.406628
-232.99,200,6.525137
-268.0,200,6.643189
-122.99,200,6.763
-352.0,200,6.88097
-247.99,200,7.009488
-152.0,200,7.130473
-287.98,200,7.254028
-323.99,200,7.376063
-165.0,200,7.498601
-230.0,200,7.624628
-184.0,200,7.747758
-182.0,200,7.87024
-157.0,200,7.993997
-260.0,200,8.118623
-330.0,200,8.243024
-204.0,200,8.38268
-334.0,200,8.514429
-166.99,200,8.642992
-207.0,200,8.775915
-331.99,200,8.921079
-281.99,200,9.050424
-276.99,200,9.177241
-200.0,200,9.310218
-324.0,200,9.436758
-411.0,200,9.566161
-285.0,200,9.701601
-246.99,200,9.83454
-283.0,200,9.966004
-126.0,200,10.097609
-278.0,200,10.228265
-116.0,200,10.360015
-190.0,200,10.493306
-350.0,200,10.628095
-202.0,200,10.761923
-196.0,200,10.896695
-147.0,200,11.031727
-198.0,200,11.163607
-219.0,200,11.29682
-195.0,200,11.434058
-194.99,200,11.71838
-190.0,200,11.850114
-221.99,200,11.982863
-173.0,200,12.116724
-204.0,200,12.253304
-309.0,200,12.386929
-149.0,200,12.523644
-389.0,200,12.65853
-134.0,200,12.789778
-108.0,200,12.922307
-154.0,200,13.055478
-570.0,200,13.1913
-368.0,200,13.335286
-206.0,200,13.47447
-156.99,200,13.615872
-311.0,200,13.762297
-281.0,200,13.896223
-199.0,200,14.032799
-201.0,200,14.168195
-348.0,200,14.302015
-157.99,200,14.436177
-104.0,200,14.568693
-106.0,200,14.700762
-352.0,200,14.834677
-202.0,200,14.97119
-179.0,200,15.106254
-136.0,200,15.240573
-247.0,200,15.373495
-135.0,200,15.508005
-145.0,200,15.646456
-547.0,200,15.783778
-204.0,200,15.91746
-133.0,200,16.059335
-98.0,200,16.193944
-106.0,200,16.329886
-337.0,200,16.466116
-160.0,200,16.605604
-99.0,200,16.740877
-331.0,200,16.876997
-206.0,200,17.015418
-395.0,200,17.152463
-116.99,200,17.288381
-173.0,200,17.424966
-315.0,200,17.558803
-344.0,200,17.693129
-243.0,200,17.847239
-222.0,200,17.992721
-144.99,200,18.128059
-228.0,200,18.267654
-197.0,200,18.403711
-166.0,200,18.545102
-170.0,200,18.683442
-242.0,200,18.822406
-200.0,200,18.963968
-119.0,200,19.104682
-258.0,200,19.244789
-416.0,200,19.383173
-197.0,200,19.522325
-110.0,200,19.656954
-435.99,200,19.798133
-294.0,200,19.939457
-107.0,200,20.083224
-194.0,200,20.228678
-128.0,200,20.372354
-123.0,200,20.515281
-201.0,200,20.655149
-198.0,200,20.79239
-290.0,200,20.933642
-274.0,200,21.076076
-213.0,200,21.220858
-570.0,200,21.363614
-187.0,200,21.505051
-191.0,200,21.647793
-212.0,200,21.788886
-561.0,200,21.927981
-391.0,200,22.067485
-223.0,200,22.205933
-197.0,200,22.345997
-366.0,200,22.482426
-104.0,200,22.623214
-167.0,200,22.809358
-171.0,200,22.967491
-447.99,200,23.111818
-194.0,200,23.256891
-158.0,200,23.395616
-262.99,200,23.534101
-107.0,200,23.673202
-110.0,200,23.81232
-200.0,200,23.950837
-197.0,200,24.095563
-208.0,200,24.235767
-201.0,200,24.378001
-131.0,200,24.522335
-180.0,200,24.661005
-256.0,200,24.800691
-273.0,200,24.937601
-149.0,200,25.078367
-117.0,200,25.222112
-194.0,200,25.357593
-181.99,200,25.499886
-195.0,200,25.640235
-407.0,200,25.781572
-206.0,200,25.921354
-206.0,200,26.063997
-366.0,200,26.206139
-201.0,200,26.344716
-138.0,200,26.47961
-257.0,200,26.618568
-199.0,200,26.760049
-201.0,200,26.902413
-200.0,200,27.04404
-573.0,200,27.185148
-257.0,200,27.344288
-178.0,200,27.494212
-196.0,200,27.647948
-148.0,200,27.806929
-91.99,200,27.956958
-196.0,200,28.097661
-135.0,200,28.238167
-125.99,200,28.380294
-171.0,200,28.524379
-205.0,200,28.668902
-171.0,200,28.812633
-105.0,200,28.954987
-193.0,200,29.101558
-162.0,200,29.257914
-193.0,200,29.413907
-217.0,200,29.562481
-198.0,200,29.705068
-186.99,200,29.857368
-388.0,200,30.001862
-249.0,200,30.145873
-105.0,200,30.290891
-144.0,200,30.437456
-143.0,200,30.586272
-199.0,200,30.72933
-229.0,200,30.871227
-173.0,200,31.01256
-104.0,200,31.156451
-161.99,200,31.300067
-104.0,200,31.442985
-178.0,200,31.585469
-159.0,200,31.728623
-119.0,200,31.874549
-198.0,200,32.041998
-418.0,200,32.193972
-256.0,200,32.340868
-252.0,200,32.487787
-99.0,200,32.634899
-191.0,200,32.786088
-137.0,200,32.930241
-155.0,200,33.086953
-205.0,200,33.246137
-201.0,200,33.393628
-227.0,200,33.540769
-111.0,200,33.689185
-141.0,200,33.845065
-138.99,200,33.993277
-107.0,200,34.139203
-239.0,200,34.292265
-548.0,200,34.454663
-147.0,200,34.608082
-175.0,200,34.753063
-203.0,200,34.900151
-206.0,200,35.050807
-394.0,200,35.198403
-106.0,200,35.351429
-201.0,200,35.507152
-116.0,200,35.654488
-407.0,200,35.805328
-205.0,200,35.953465
-276.0,200,36.103261
-194.0,200,36.251366
-150.0,200,36.405687
-197.0,200,36.568518
-259.99,200,36.724076
-442.99,200,36.872155
-201.0,200,37.026887
-147.0,200,37.17524
-327.0,200,37.322593
-251.0,200,37.469657
-444.0,200,37.621295
-179.0,200,37.770227
-104.0,200,37.921207
-202.0,200,38.07156
-327.0,200,38.233852
-165.0,200,38.381715
-226.0,200,38.527928
-111.0,200,38.675528
-200.0,200,38.825462
-113.0,200,38.979005
-130.0,200,39.128948
-104.0,200,39.277467
-106.0,200,39.424674
-139.0,200,39.573353
-106.0,200,39.719729
-147.0,200,39.867259
-114.0,200,40.014138
-176.99,200,40.160385
-207.0,200,40.308815
-156.0,200,40.45475
-378.0,200,40.605095
-156.0,200,40.749758
-330.0,200,40.898339
-199.0,200,41.052476
-199.0,200,41.2163
-206.0,200,41.386697
-229.0,200,41.543779
-219.0,200,41.700685
-182.0,200,41.856405
-154.0,200,42.011193
-168.0,200,42.161979
-102.0,200,42.329944
-195.0,200,42.493137
-191.99,200,42.649704
-131.0,200,42.799772
-232.0,200,42.952635
-192.0,200,43.109288
-106.0,200,43.270042
-119.0,200,43.417047
-255.0,200,43.565723
-110.0,200,43.717377
-100.0,200,43.870913
-157.99,200,44.025196
-111.0,200,44.177097
-203.0,200,44.350192
-163.0,200,44.506804
-110.0,200,44.658711
-165.0,200,44.809998
-202.0,200,44.9636
-252.0,200,45.119345
-137.0,200,45.288255
-227.0,200,45.455848
-193.0,200,45.616571
-110.0,200,45.78514
-108.0,200,45.943083
-108.0,200,46.099839
-177.0,200,46.253418
-115.0,200,46.404833
-194.0,200,46.557633
-201.0,200,46.707606
-189.99,200,46.859937
-158.0,200,47.023952
-168.99,200,47.190254
-119.0,200,47.357787
-116.0,200,47.522145
-166.0,200,47.675482
-114.0,200,47.825865
-185.99,200,47.977973
-199.0,200,48.131746
-155.0,200,48.287254
-122.0,200,48.445874
-105.0,200,48.606431
-335.0,200,48.759303
-202.0,200,49.054169
-157.0,200,49.20946
-375.0,200,49.361067
-105.0,200,49.521092
-525.0,200,49.684688
-187.0,200,49.90309
-169.99,200,50.105087
-171.99,200,50.358553
-261.0,200,50.60803
-181.0,200,50.804543
-176.0,200,50.990706
-474.0,200,51.157504
-182.0,200,51.318857
-203.0,200,51.479093
-103.0,200,51.644154
-113.0,200,51.817125
-151.0,200,51.977825
-110.0,200,52.154402
-231.99,200,52.322291
-100.0,200,52.486841
-467.99,200,52.652426
-168.0,200,52.816149
-203.0,200,52.985565
-125.0,200,53.151418
-100.0,200,53.317305
-142.0,200,53.478116
-199.0,200,53.641968
-130.0,200,53.813593
-130.0,200,54.009613
-148.0,200,54.175873
-278.0,200,54.342796
-98.0,200,54.516955
-352.0,200,54.689893
-126.0,200,54.856576
-121.0,200,55.033677
-107.0,200,55.21122
-163.0,200,55.37753
-142.0,200,55.562937
-163.0,200,55.752353
-429.0,200,55.92754
-201.0,200,56.107184
-426.0,200,56.277306
-263.0,200,56.451374
-111.0,200,56.622433
-180.0,200,56.790144
-568.0,200,56.957039
-182.0,200,57.126994
-180.0,200,57.297921
-299.0,200,57.46576
-151.0,200,57.63792
-105.0,200,57.805873
-107.0,200,57.977748
-193.0,200,58.141745
-102.0,200,58.305208
-107.0,200,58.4688
-107.0,200,58.632163
-172.0,200,58.795712
-106.0,200,58.960721
-109.0,200,59.124617
-193.0,200,59.286519
-155.0,200,59.450901
-160.0,200,59.61445
-115.0,200,59.775634
-100.0,200,59.963292
-118.0,200,60.150235
-155.0,200,60.322137
-104.0,200,60.515748
-131.0,200,60.689691
-252.0,200,60.860835
-204.0,200,61.030842
-125.99,200,61.200501
-352.98,200,61.365344
-107.99,200,61.533712
-100.0,200,61.706693
-356.99,200,61.879299
-222.0,200,62.057891
-151.0,200,62.258381
-106.0,200,62.442934
-198.0,200,62.609321
-257.0,200,62.77256
-262.0,200,62.934059
-97.0,200,63.09944
-160.0,200,63.274286
-101.0,200,63.437524
-255.0,200,63.600609
-155.0,200,63.765488
-198.0,200,63.927623
-175.0,200,64.090257
-169.0,200,64.25371
-315.0,200,64.413306
-181.0,200,64.576582
-195.0,200,64.740204
-165.0,200,64.918158
-119.0,200,65.092684
-198.0,200,65.262783
-244.0,200,65.426789
-216.0,200,65.592437
-106.0,200,65.767779
-112.0,200,65.928468
-106.0,200,66.092694
-109.0,200,66.253893
-109.0,200,66.417001
-203.0,200,66.585339
-107.0,200,66.74985
-147.0,200,66.915669
-112.0,200,67.083279
-152.0,200,67.251952
-136.0,200,67.415869
-364.0,200,67.587329
-169.99,200,67.759884
-104.0,200,67.939954
-125.0,200,68.117159
-157.99,200,68.310176
-110.0,200,68.474068
-241.0,200,68.641863
-494.0,200,68.804046
-172.0,200,68.973526
-195.0,200,69.158221
-109.0,200,69.322753
-184.0,200,69.49862
-101.0,200,69.674623
-109.0,200,69.851373
-199.0,200,70.021015
-106.0,200,70.190141
-132.0,200,70.349186
-153.0,200,70.509177
-103.0,200,70.668934
-94.99,200,70.833199
-217.0,200,71.010051
-250.0,200,71.186998
-112.0,200,71.346417
-121.0,200,71.660965
-100.0,200,71.840396
-105.0,200,72.004486
-106.0,200,72.173622
-144.0,200,72.340462
-204.0,200,72.508671
-105.0,200,72.674915
-274.99,200,72.830195
-201.0,200,72.987133
-108.0,200,73.145675
-103.0,200,73.300387
-135.0,200,73.457896
-155.0,200,73.616341
-170.0,200,73.777203
-151.0,200,73.936066
-107.0,200,74.11032
-380.99,200,74.27713
-139.0,200,74.434619
-99.0,200,74.59489
-377.99,200,74.754005
-350.0,200,74.911485
-123.0,200,75.071623
-123.0,200,75.228609
-335.0,200,75.386987
-111.0,200,75.5432
-279.0,200,75.701214
-112.0,200,75.856489
-155.0,200,76.01304
-553.0,200,76.170187
-143.0,200,76.325967
-111.0,200,76.491089
-169.99,200,76.643782
-92.99,200,76.797147
-185.0,200,76.962255
