#{"t_start": 1773698179.852567, "env_id": "None"}
r,l,t
-103.0,200,1.873633
-99.0,200,1.971217
-121.0,200,2.077187
-117.0,200,2.172993
-113.0,200,2.280983
-119.0,200,2.388074
-124.0,200,2.486286
-92.0,200,2.585696
-98.0,200,2.690574
-85.0,200,2.789826
-101.0,200,2.891262
-112.0,200,2.988007
-127.0,200,3.091538
-102.0,200,3.18947
-124.0,200,3.289186
-91.0,200,3.390582
-100.0,200,3.505874
-76.0,200,3.611053
-37.8,180,3.701151
-131.0,200,3.804532
-95.0,200,3.915314
-122.0,200,4.017301
-121.0,200,4.117772
-100.0,200,4.221353
-109.0,200,4.346779
-120.0,200,4.452763
-102.0,200,4.557564
-111.0,200,4.659269
-114.0,200,4.770218
-101.0,200,4.876753
-106.0,200,4.976225
-79.0,200,5.08462
-87.0,200,5.209898
-114.0,200,5.330238
-90.0,200,5.440533
-84.0,200,5.551253
-73.0,200,5.69947
-106.0,200,5.833506
-105.0,200,5.98345
-94.0,200,6.110589
-48.0,200,6.26128
-136.0,200,6.398844
-109.0,200,6.527222
-34.0,200,6.652324
-95.0,200,6.784117
-95.0,200,6.903127
-125.0,200,7.008686
-100.0,200,7.116896
-82.0,200,7.232262
-108.0,200,7.354737
-128.0,200,7.499561
-110.0,200,7.609507
-124.0,200,7.722399
-118.0,200,7.832622
-63.0,200,7.943034
-128.0,200,8.06
-99.0,200,8.174882
-71.0,200,8.286296
-108.0,200,8.398843
-107.0,200,8.507829
-103.0,200,8.624789
-122.0,200,8.740318
-101.0,200,8.86859
-110.0,200,8.999316
-86.0,200,9.125248
-93.0,200,9.234557
-106.0,200,9.360478
43.41,59,9.401187
-118.0,200,9.539935
-129.0,200,9.672925
-30.0,200,9.805566
-118.0,200,9.932678
-128.0,200,10.049895
-111.0,200,10.152873
-129.0,200,10.258801
-88.0,200,10.370623
-118.0,200,10.488418
-84.0,200,10.617844
-99.0,200,10.750927
-107.0,200,10.90454
-99.0,200,11.06586
-128.0,200,11.218656
-120.0,200,11.37844
-112.0,200,11.518946
-45.0,200,11.645724
-115.0,200,11.767404
-34.0,200,11.879897
-118.0,200,11.992821
-106.0,200,12.113808
-82.0,200,12.231616
-82.0,200,12.355638
-92.0,200,12.475876
-118.0,200,12.603093
-78.0,200,12.723989
-135.0,200,12.843658
-93.0,200,12.958367
-102.0,200,13.076773
-125.0,200,13.189329
-106.0,200,13.304973
-116.0,200,13.423919
-119.0,200,13.549295
-125.0,200,13.677961
-104.0,200,13.801567
-110.0,200,13.925042
-75.0,200,14.060692
-96.0,200,14.186441
-95.0,200,14.31081
-117.0,200,14.43795
-103.0,200,14.567019
-101.0,200,14.689321
-101.0,200,14.816371
-81.0,200,14.934824
-92.0,200,15.07506
-112.0,200,15.200748
-102.0,200,15.33049
-95.0,200,15.458545
-109.0,200,15.59199
-116.0,200,15.721541
-90.0,200,15.848517
-122.0,200,15.967066
-128.0,200,16.102252
-74.0,200,16.242739
-99.0,200,16.368435
-90.0,200,16.635095
-92.0,200,16.768378
-101.0,200,16.89377
-117.0,200,17.017947
-126.0,200,17.140782
-102.0,200,17.271796
-92.0,200,17.400181
-91.0,200,17.525463
-120.0,200,17.64314
-101.0,200,17.77276
-25.0,200,17.896895
-113.0,200,18.019223
-122.0,200,18.150481
-101.0,200,18.292731
-35.0,200,18.422781
-110.0,200,18.548154
-91.0,200,18.67265
-82.0,200,18.810106
-118.0,200,18.930785
-96.0,200,19.049732
-112.0,200,19.180211
-11.32,132,19.268392
-124.0,200,19.385419
-89.0,200,19.500576
-92.0,200,19.61744
-90.0,200,19.738835
-29.78,178,19.842507
-84.0,200,19.954836
-88.0,200,20.071742
28.05,95,20.132098
-94.0,200,20.245985
-82.0,200,20.367094
-93.0,200,20.481877
-78.0,200,20.604291
-117.0,200,20.720864
-64.0,200,20.838419
-117.0,200,20.953322
-61.93,193,21.072441
-103.0,200,21.186643
-123.0,200,21.300283
-97.0,200,21.416426
-101.0,200,21.540424
-105.0,200,21.655044
-94.0,200,21.77346
-106.0,200,21.887808
-97.0,200,22.010625
-79.0,200,22.123502
-65.0,200,22.236629
-22.0,200,22.353489
-99.0,200,22.475761
22.22,78,22.520492
-129.0,200,22.63537
-82.0,200,22.750068
-98.0,200,22.890032
-100.0,200,23.012864
-130.0,200,23.139091
-28.0,200,23.255736
-74.0,200,23.383014
-105.0,200,23.501137
-103.0,200,23.616333
-90.0,200,23.727589
-101.0,200,23.852659
-33.0,200,23.968181
-108.0,200,24.084487
-108.0,200,24.200804
-109.0,200,24.322053
-90.0,200,24.438146
-87.0,200,24.556817
-98.0,200,24.673108
-122.0,200,24.800051
-110.0,200,24.91589
-91.0,200,25.030857
-79.0,200,25.147259
-8.0,200,25.269525
-121.0,200,25.386324
-92.0,200,25.500095
-106.0,200,25.615902
-91.0,200,25.739035
-89.0,200,25.857751
-88.0,200,25.974673
54.67,33,25.994171
-114.0,200,26.115944
-79.0,200,26.232251
-109.0,200,26.361827
-89.0,200,26.479423
-122.0,200,26.601743
-123.0,200,26.718348
-100.0,200,26.834051
-120.0,200,26.949536
-75.0,200,27.074781
-85.0,200,27.190254
-107.0,200,27.330256
-133.0,200,27.496405
-102.0,200,27.649273
-64.0,200,27.782947
-17.43,143,27.893275
-79.0,200,28.019478
-94.0,200,28.148482
-93.0,200,28.390115
-81.0,200,28.509505
-62.0,200,28.631814
-109.0,200,28.76068
-95.0,200,28.886905
-100.0,200,29.008942
-97.0,200,29.13432
-139.0,200,29.274362
-114.0,200,29.408054
-68.0,200,29.527788
-132.0,200,29.641287
-123.0,200,29.762979
-34.92,192,29.880425
-102.0,200,30.006331
-119.0,200,30.122609
-86.0,200,30.259693
-96.0,200,30.379242
-102.0,200,30.501517
-123.0,200,30.634596
-130.0,200,30.762322
-106.0,200,30.892424
-30.0,200,31.01402
-104.0,200,31.132805
-108.0,200,31.254924
-90.0,200,31.375106
-109.0,200,31.492275
-78.0,200,31.611434
-91.0,200,31.734784
-95.0,200,31.857021
-99.0,200,31.986633
-80.0,200,32.119986
-99.0,200,32.265012
-55.0,200,32.396175
-98.0,200,32.522576
-127.0,200,32.652264
-106.0,200,32.791657
-103.0,200,32.916993
-120.0,200,33.044247
-130.0,200,33.171391
-111.0,200,33.300163
-89.0,200,33.419314
-96.0,200,33.537329
-114.0,200,33.654919
-129.0,200,33.779385
-98.0,200,33.902617
51.58,42,33.928818
-87.0,200,34.053986
-116.0,200,34.182021
-77.0,200,34.301245
-106.0,200,34.419837
-77.0,200,34.53792
-77.0,200,34.663484
-93.0,200,34.780944
-16.0,200,34.900063
-103.0,200,35.025576
-89.0,200,35.159862
-82.0,200,35.294412
-78.0,200,35.429659
-99.0,200,35.568507
-137.0,200,35.701528
-105.0,200,35.820039
-91.0,200,35.938589
-107.0,200,36.0595
-101.0,200,36.192819
-95.0,200,36.314617
-98.0,200,36.433886
-90.0,200,36.554237
-93.0,200,36.67536
-136.0,200,36.798551
-115.0,200,36.923192
-94.0,200,37.061955
-78.0,200,37.197764
-101.0,200,37.321589
-120.0,200,37.4439
-102.0,200,37.572981
-5.19,119,37.658317
-112.0,200,37.795352
-111.0,200,37.92369
-98.0,200,38.060485
-79.0,200,38.200752
-56.0,200,38.335924
-55.0,200,38.473485
-97.0,200,38.605353
-109.0,200,38.747483
-97.0,200,38.881157
-83.0,200,39.012866
-109.0,200,39.150461
-107.0,200,39.288164
-76.0,200,39.422045
-69.0,200,39.555354
-79.0,200,39.689872
-83.0,200,39.827628
-95.0,200,39.957523
-99.0,200,40.098466
-91.0,200,40.239343
0.6,140,40.33756
-54.0,200,40.467069
-91.0,200,40.600279
-70.0,200,40.7319
-87.0,200,40.866802
-85.0,200,40.997049
-86.0,200,41.130851
-92.0,200,41.249636
-96.0,200,41.383272
-96.0,200,41.526141
-84.0,200,41.660593
-97.0,200,41.796823
-91.0,200,41.940696
-121.0,200,42.068295
-95.0,200,42.19538
-93.0,200,42.334688
-78.0,200,42.476463
-103.0,200,42.616432
-118.0,200,42.754888
-78.0,200,42.886447
-13.3,130,42.973317
-90.0,200,43.110508
-87.0,200,43.243412
-125.0,200,43.375435
-95.0,200,43.514705
-72.0,200,43.650856
-92.0,200,43.782823
-20.0,200,43.916276
-79.0,200,44.055569
-97.0,200,44.191565
-90.0,200,44.326936
-114.0,200,44.459508
-58.0,200,44.591122
-85.0,200,44.721933
-15.62,162,44.830539
-73.0,200,44.964266
-82.0,200,45.104343
-100.0,200,45.228873
-107.0,200,45.364183
-113.0,200,45.505956
-75.0,200,45.639809
-91.0,200,45.779097
-113.0,200,45.907142
-73.0,200,46.023916
-94.0,200,46.148271
-107.0,200,46.267234
-95.0,200,46.398281
-84.0,200,46.536944
-105.0,200,46.670626
-105.0,200,46.806001
-105.0,200,46.941289
-84.0,200,47.071203
-97.0,200,47.215578
-85.0,200,47.354126
-87.0,200,47.494489
-94.0,200,47.637496
-98.0,200,47.772595
-91.0,200,47.90561
-86.0,200,48.040087
-36.0,200,48.176608
-109.0,200,48.318637
-106.0,200,48.458151
-75.0,200,48.595876
-57.0,200,48.739488
-99.0,200,48.882252
-93.0,200,49.021047
-101.0,200,49.158375
-94.0,200,49.287313
-66.0,200,49.426024
-106.0,200,49.556947
-76.0,200,49.677822
-88.0,200,49.938687
-100.0,200,50.06992
-82.0,200,50.19703
-101.0,200,50.324146
-103.0,200,50.461793
-121.0,200,50.590946
-76.0,200,50.719189
-82.0,200,50.849861
-109.0,200,50.975147
-94.0,200,51.116881
-96.0,200,51.253097
-102.0,200,51.384303
-101.0,200,51.521755
-103.0,200,51.658606
-100.0,200,51.796135
-94.0,200,51.930389
-73.0,200,52.070151
-70.0,200,52.211801
-99.0,200,52.348481
-82.0,200,52.486649
-98.0,200,52.623437
-51.0,200,52.763291
-51.0,200,52.901854
-97.0,200,53.039138
-103.0,200,53.179856
-97.0,200,53.321624
-76.0,200,53.459828
-84.0,200,53.592536
-100.0,200,53.723818
-83.0,200,53.861152
9.66,134,53.950048
-90.0,200,54.088022
-103.0,200,54.219774
-76.0,200,54.363124
-96.0,200,54.502126
-84.0,200,54.642073
-94.0,200,54.776465
-114.0,200,54.909885
-112.0,200,55.043208
-105.0,200,55.178202
-103.0,200,55.313798
-67.0,200,55.455049
-75.0,200,55.593261
-69.0,200,55.729265
-69.0,200,55.868969
-86.0,200,55.995066
-87.0,200,56.116071
-84.0,200,56.255835
-80.0,200,56.403643
-60.0,200,56.549344
-113.0,200,56.683028
-95.0,200,56.814749
-78.0,200,56.952672
-81.0,200,57.092567
-108.0,200,57.230051
42.38,62,57.272121
-94.0,200,57.410604
-115.0,200,57.552208
-107.0,200,57.692554
-91.0,200,57.832352
-91.0,200,57.959682
-27.0,200,58.101071
-75.0,200,58.232979
-103.0,200,58.372054
-85.0,200,58.514432
35.24,76,58.569995
-94.0,200,58.711137
-88.0,200,58.845012
-88.0,200,58.967858
-79.0,200,59.108276
-106.0,200,59.250174
-74.0,200,59.387969
-49.0,200,59.52385
-75.0,200,59.668472
-114.0,200,59.807642
-78.0,200,59.931867
-95.0,200,60.058067
-79.0,200,60.199709
-101.0,200,60.339817
-89.0,200,60.480863
-83.0,200,60.625396
-97.0,200,60.778185
-78.0,200,60.913702
-88.0,200,61.046007
-90.0,200,61.179504
-101.0,200,61.321244
-126.0,200,61.459538
-101.0,200,61.599555
-79.0,200,61.739981
-104.0,200,61.88002
-85.0,200,61.999611
-9.0,200,62.137782
-90.0,200,62.278942
-92.0,200,62.422862
-53.0,200,62.564369
-78.0,200,62.706515
-72.0,200,62.84781
-72.0,200,62.982581
23.98,102,63.04832
-57.0,200,63.185913
-91.0,200,63.326071
-90.0,200,63.465161
-13.0,200,63.601587
-69.0,200,63.743964
-81.0,200,63.876827
-64.0,200,64.015792
-82.0,200,64.159723
-82.0,200,64.296519
-72.0,200,64.441376
-82.0,200,64.586998
-68.0,200,64.722695
-93.0,200,64.863972
-92.0,200,65.005431
-72.0,200,65.13639
-84.0,200,65.262173
-99.0,200,65.400955
-98.0,200,65.541688
-13.0,200,65.687598
-90.0,200,65.824517
-100.0,200,65.952975
-101.0,200,66.080555
-80.0,200,66.223967
-113.0,200,66.363926
-100.0,200,66.503766
-100.0,200,66.646493
-73.0,200,66.792581
-85.0,200,66.919983
11.91,109,66.985788
-69.0,200,67.109264
-72.0,200,67.242298
-100.0,200,67.362594
-74.0,200,67.49238
-90.0,200,67.631063
-64.0,200,67.775404
-2.9,190,67.902211
-82.0,200,68.022829
-87.0,200,68.155404
-81.0,200,68.300893
-82.0,200,68.441224
-80.0,200,68.580078
-102.0,200,68.719399
-68.0,200,68.864063
-74.0,200,68.99249
-124.0,200,69.129172
-82.0,200,69.269871
-102.0,200,69.411282
-105.0,200,69.552977
-80.0,200,69.693078
-74.0,200,69.833722
-93.0,200,69.975391
-99.0,200,70.106203
-18.0,200,70.245512
-99.0,200,70.385778
-95.0,200,70.630912
-78.0,200,70.786791
-93.0,200,70.914591
-110.0,200,71.05751
-86.0,200,71.202373
-89.0,200,71.342827
-91.0,200,71.482799
-79.0,200,71.624337
-105.0,200,71.763168
-89.0,200,71.892934
-99.0,200,72.014338
-84.0,200,72.133383
-35.92,192,72.274034
-102.0,200,72.412979
-87.0,200,72.556236
-63.0,200,72.69327
-29.0,200,72.838793
-69.0,200,72.967602
-106.0,200,73.107789
-88.0,200,73.250886
-57.0,200,73.392493
-91.0,200,73.533035
-71.0,200,73.666302
-76.0,200,73.807473
-68.0,200,73.948197
-81.0,200,74.089046
-10.0,200,74.231781
-66.0,200,74.374384
-77.0,200,74.515637
-34.0,200,74.655138
-67.0,200,74.796831
-86.0,200,74.927661
-97.0,200,75.07444
-74.0,200,75.205599
-92.0,200,75.340927
32.12,88,75.403836
-99.0,200,75.554462
-110.0,200,75.682521
-103.0,200,75.826761
-68.0,200,75.951224
-88.0,200,76.084912
-93.0,200,76.207357
-67.0,200,76.33248
-60.0,200,76.455412
43.21,79,76.508826
-84.0,200,76.630734
-66.0,200,76.752932
-68.0,200,76.873671
-95.0,200,77.003143
-90.0,200,77.132213
-87.0,200,77.265835
-75.0,200,77.409108
-80.0,200,77.552868
-106.0,200,77.679984
-86.0,200,77.815064
-78.0,200,77.952557
-60.0,200,78.099216
-79.0,200,78.230455
-75.0,200,78.35294
-67.0,200,78.474209
-99.0,200,78.625582
-70.0,200,78.762961
-68.0,200,78.900655
-68.0,200,79.041068
-84.0,200,79.178129
-85.0,200,79.327765
-101.0,200,79.457368
-63.0,200,79.607144
-96.0,200,79.752736
-50.0,200,79.884186
-69.0,200,80.017847
-81.0,200,80.152625
-65.0,200,80.297428
-85.0,200,80.446383
-98.0,200,80.594426
26.8,120,80.670776
-153.0,200,80.817714
-65.0,200,80.955194
-109.0,200,81.094934
-94.0,200,81.238908
-93.0,200,81.37337
-106.0,200,81.507146
-84.0,200,81.647031
-88.0,200,81.791451
-92.0,200,81.933297
-96.0,200,82.071391
-83.0,200,82.219908
-81.0,200,82.366711
-86.0,200,82.508468
-82.0,200,82.639752
-90.0,200,82.75947
-64.0,200,82.886215
-61.0,200,83.028074
-89.0,200,83.170283
-116.0,200,83.313553
-85.0,200,83.450486
-16.0,200,83.596618
-76.0,200,83.742049
-79.0,200,83.872957
-86.0,200,84.00318
-90.0,200,84.144458
-76.0,200,84.27858
-91.0,200,84.422328
-102.0,200,84.56286
-70.0,200,84.727512
-84.0,200,84.862842
-91.0,200,84.999585
-68.0,200,85.136324
-83.0,200,85.276743
-67.0,200,85.404575
-83.0,200,85.532731
-76.0,200,85.671767
-91.0,200,85.819106
-77.0,200,85.964446
-95.0,200,86.114166
-105.0,200,86.254665
-62.0,200,86.620345
22.39,161,86.727241
-117.0,200,86.859043
-65.0,200,86.998144
-86.0,200,87.1388
-89.0,200,87.281678
-84.0,200,87.413052
-99.0,200,87.543576
-71.0,200,87.678494
-89.0,200,87.808332
-93.0,200,87.935924
-49.0,200,88.061303
8.25,175,88.187296
-90.0,200,88.315123
-71.0,200,88.442872
-80.0,200,88.570835
-81.0,200,88.703362
-95.0,200,88.832443
-14.0,200,88.956924
-73.0,200,89.083135
-64.0,200,89.231604
-91.0,200,89.375586
-75.0,200,89.519432
-68.0,200,89.65585
-103.0,200,89.798205
-15.0,200,89.926017
-76.0,200,90.065039
-78.0,200,90.203559
-61.0,200,90.348569
-90.0,200,90.490956
-87.0,200,90.631587
-57.0,200,90.775997
-97.0,200,90.924779
-45.0,200,91.068211
-44.0,200,91.196207
-98.0,200,91.330653
-62.0,200,91.473634
31.09,91,91.539263
-74.0,200,91.684631
-56.0,200,91.824632
-76.0,200,91.963703
-99.0,200,92.105863
-92.0,200,92.24746
-79.0,200,92.388395
-93.0,200,92.536803
-77.0,200,92.673644
-6.0,200,92.814505
-69.0,200,92.95657
-57.0,200,93.101699
-75.0,200,93.23794
-8.0,200,93.378836
-63.0,200,93.521173
-71.0,200,93.669824
-64.0,200,93.810546
-45.0,200,93.946994
-74.0,200,94.090986
-101.0,200,94.234571
-81.0,200,94.368823
-65.0,200,94.506609
-104.0,200,94.642428
-88.0,200,94.784359
-82.0,200,94.924621
-79.0,200,95.06675
-72.0,200,95.209659
-79.0,200,95.353396
-66.0,200,95.504695
-109.0,200,95.65008
-61.0,200,95.787297
-62.0,200,95.923074
-78.0,200,96.053099
44.3,70,96.097654
-72.0,200,96.238739
-70.0,200,96.387135
-48.0,200,96.528354
-84.0,200,96.664994
-92.0,200,96.810485
-41.0,200,96.95323
-61.0,200,97.096218
-100.0,200,97.237747
-88.0,200,97.377727
-60.0,200,97.521284
-82.0,200,97.663321
-71.0,200,97.798412
-62.0,200,97.943196
-78.0,200,98.08617
-53.0,200,98.228172
-20.0,200,98.369743
-15.0,200,98.512459
-57.0,200,98.659514
-73.0,200,98.807552
-56.0,200,98.951436
-86.0,200,99.090292
-70.0,200,99.235955
-102.0,200,99.36901
-79.0,200,99.512044
-35.0,200,99.654263
-55.0,200,99.801212
-68.0,200,99.944769
-53.0,200,100.081587
-100.0,200,100.228023
-70.0,200,100.372605
-65.0,200,100.510501
-49.0,200,100.655155
-100.0,200,100.797911
3.0,200,100.946292
-71.0,200,101.090652
-92.0,200,101.235769
-100.0,200,101.380721
-72.0,200,101.534879
-73.0,200,101.672713
-70.0,200,101.805828
-86.0,200,101.93984
-80.0,200,102.083787
-89.0,200,102.22432
-49.0,200,102.366357
-67.0,200,102.510218
-54.0,200,102.656068
-91.0,200,102.800172
-45.0,200,102.940744
-70.0,200,103.081965
-9.0,200,103.229237
-70.0,200,103.368761
-90.0,200,103.503601
-59.0,200,103.639608
50.37,63,103.687207
-24.0,200,103.820973
-79.0,200,103.962247
-62.0,200,104.10346
-93.0,200,104.255185
-63.0,200,104.388414
-104.0,200,104.522836
-95.0,200,104.664869
-81.0,200,104.802377
-103.0,200,104.943811
-64.0,200,105.088429
-111.0,200,105.217606
-55.0,200,105.367357
-107.0,200,105.50892
-77.0,200,105.649728
-52.0,200,105.794979
-89.0,200,105.928053
-87.0,200,106.052831
-100.0,200,106.181132
-76.0,200,106.305338
-63.0,200,106.437532
-88.0,200,106.575904
-59.0,200,106.721206
7.0,200,106.859936
-94.0,200,107.009391
-76.0,200,107.150373
-69.0,200,107.295835
-76.0,200,107.44097
-70.0,200,107.705519
-100.0,200,107.838654
-87.0,200,107.965628
-87.0,200,108.115161
-98.0,200,108.263596
-78.0,200,108.394001
-68.0,200,108.533634
-7.0,200,108.667362
-79.0,200,108.808004
-39.0,200,108.939717
-110.0,200,109.061905
-99.0,200,109.198825
-90.0,200,109.344685
-68.0,200,109.485297
-84.0,200,109.634175
-73.0,200,109.778699
-76.0,200,109.926904
-51.0,200,110.069592
-72.0,200,110.214214
-69.0,200,110.361579
-53.0,200,110.508544
-80.0,200,110.650652
-104.0,200,110.789342
-100.0,200,110.928094
-63.0,200,111.073269
-53.0,200,111.220768
-65.0,200,111.35988
-65.0,200,111.497445
-83.0,200,111.644458
-98.0,200,111.784842
-51.0,200,111.925785
-83.0,200,112.073623
-79.0,200,112.225439
-85.0,200,112.367077
-76.0,200,112.505761
-60.0,200,112.64358
-77.0,200,112.790601
-69.0,200,112.925542
-83.0,200,113.057888
-48.0,200,113.203192
-61.0,200,113.346304
-6.5,150,113.447916
-57.0,200,113.591698
-76.0,200,113.738909
-64.0,200,113.889098
-77.0,200,114.033952
-70.0,200,114.165855
-78.0,200,114.310783
-82.0,200,114.459862
-80.0,200,114.60156
-83.0,200,114.747034
-74.0,200,114.888443
13.78,122,114.975996
-53.0,200,115.121869
-64.0,200,115.266871
-76.0,200,115.404746
-65.0,200,115.548351
-92.0,200,115.689956
-74.0,200,115.829666
-67.0,200,115.957078
-64.0,200,116.097144
-60.0,200,116.24977
-85.0,200,116.383749
-59.0,200,116.525713
-60.0,200,116.683476
-95.0,200,116.823603
-65.0,200,116.960049
-26.69,169,117.076432
-67.0,200,117.216586
-48.0,200,117.377492
-89.0,200,117.518974
-57.0,200,117.656211
-82.0,200,117.799176
-60.0,200,117.928794
-73.0,200,118.05924
-66.0,200,118.192186
-85.0,200,118.337991
-68.0,200,118.481644
-31.0,200,118.621429
-18.0,200,118.754357
-63.0,200,118.904613
-52.0,200,119.03964
-1.0,200,119.170708
-60.0,200,119.310189
3.0,200,119.456262
-84.0,200,119.600303
-100.0,200,119.745555
-68.0,200,119.892793
-91.0,200,120.037269
34.89,111,120.109829
-40.0,200,120.256629
-86.0,200,120.400213
-72.0,200,120.54281
-86.0,200,120.686538
-70.0,200,120.824784
-71.0,200,120.962424
-83.0,200,121.13158
-79.0,200,121.27589
-78.0,200,121.423426
-62.0,200,121.57091
-79.0,200,121.717668
-58.0,200,121.862281
-15.82,182,121.999533
-78.0,200,122.147473
-74.0,200,122.296913
-71.0,200,122.436361
-68.0,200,122.575127
-54.0,200,122.725218
-63.0,200,122.864644
-66.0,200,123.012439
-87.0,200,123.15969
-88.0,200,123.310871
-62.0,200,123.474842
20.22,178,123.59791
-73.0,200,123.730784
-71.0,200,123.868876
-56.0,200,124.011498
-68.0,200,124.160321
-79.0,200,124.30164
-74.0,200,124.444671
-70.0,200,124.590424
-81.0,200,124.733501
-48.0,200,124.88009
-71.0,200,125.025257
-73.0,200,125.172166
-65.0,200,125.316475
-60.0,200,125.461115
-76.0,200,125.604542
-162.0,200,125.755446
-169.0,200,125.887377
-74.0,200,126.013494
-61.0,200,126.141307
-79.0,200,126.28705
-80.0,200,126.43314
-85.0,200,126.577413
-61.0,200,126.723018
-47.0,200,126.866032
-63.0,200,127.009572
-66.0,200,127.155678
-59.0,200,127.307634
-66.0,200,127.455675
-81.0,200,127.691698
-67.0,200,127.853514
-26.0,200,128.002718
-65.0,200,128.160004
-83.0,200,128.295511
-78.0,200,128.432503
-72.0,200,128.566285
-59.0,200,128.713145
-54.0,200,128.8425
-71.0,200,128.97725
-78.0,200,129.124764
-77.0,200,129.27146
-62.0,200,129.420631
-70.0,200,129.56293
7.0,200,129.710088
-85.0,200,129.850564
-49.0,200,129.986346
-82.0,200,130.128875
-71.0,200,130.272885
-61.0,200,130.426242
-58.0,200,130.567347
-54.0,200,130.714496
-58.0,200,130.85871
-77.0,200,131.005524
-64.0,200,131.148228
-75.0,200,131.297427
-66.0,200,131.443764
-71.0,200,131.588484
-70.0,200,131.732694
-69.0,200,131.873261
-67.0,200,132.019873
-88.0,200,132.162184
-86.0,200,132.305648
-59.0,200,132.453574
-70.0,200,132.606948
-77.0,200,132.774039
0.0,200,132.911171
-62.0,200,133.044524
-65.0,200,133.183568
22.55,145,133.289673
-85.0,200,133.420764
-6.88,188,133.5513
4.0,200,133.700093
-70.0,200,133.842969
-142.0,200,133.988401
-46.0,200,134.134766
-68.0,200,134.284994
-39.0,200,134.433134
-85.0,200,134.578923
-12.72,172,134.70491
-59.0,200,134.848685
-59.0,200,135.000131
-88.0,200,135.145143
-86.0,200,135.291969
-57.0,200,135.441674
-68.0,200,135.585237
-80.0,200,135.728283
-60.0,200,135.865643
-63.0,200,135.993823
-87.0,200,136.131208
-40.0,200,136.275895
-53.0,200,136.419778
-62.0,200,136.560619
-84.0,200,136.70651
-63.0,200,136.849988
-5.0,200,136.975706
-65.0,200,137.118254
-73.0,200,137.271123
-95.0,200,137.412758
-102.0,200,137.554078
-52.0,200,137.695651
-117.0,200,137.84204
-53.0,200,137.979313
-59.0,200,138.121047
-51.0,200,138.270343
-10.97,197,138.413788
-92.0,200,138.555857
-75.0,200,138.70245
-62.0,200,138.846825
-72.0,200,138.995593
-62.0,200,139.141253
-83.0,200,139.287618
-58.0,200,139.449584
-69.0,200,139.602475
-66.0,200,139.73948
-55.0,200,139.878303
-56.0,200,140.022856
-74.0,200,140.170293
-65.0,200,140.316082
-59.0,200,140.450117
-62.0,200,140.585532
-56.0,200,140.733113
-69.0,200,140.879621
-73.0,200,141.028896
-64.0,200,141.176799
-58.0,200,141.325841
17.0,200,141.471299
-77.0,200,141.619967
-68.0,200,141.763966
-65.0,200,141.925703
-58.0,200,142.072423
-79.0,200,142.207219
53.47,53,142.241138
-40.0,200,142.391392
-44.0,200,142.526385
42.1,90,142.588649
-39.0,200,142.724407
-52.0,200,142.864797
-58.0,200,142.997757
-62.0,200,143.137556
-61.0,200,143.282449
-48.0,200,143.429842
-59.0,200,143.57503
-36.0,200,143.722098
-65.0,200,143.86001
-58.0,200,144.012456
-54.0,200,144.156079
-69.0,200,144.303784
-55.0,200,144.45222
-75.0,200,144.602721
-81.0,200,144.747619
-47.0,200,144.896205
30.84,116,144.984211
-59.0,200,145.128226
-70.0,200,145.2628
-46.0,200,145.405172
-46.0,200,145.552298
15.0,200,145.701767
-66.0,200,145.842041
-103.0,200,145.967203
-47.0,200,146.108148
-46.0,200,146.265771
-41.0,200,146.52932
-31.0,200,146.669676
-77.0,200,146.807619
-48.0,200,146.959966
-94.0,200,147.101798
-71.0,200,147.240677
39.84,116,147.320688
-59.0,200,147.463796
-59.0,200,147.598989
18.37,163,147.71557
10.03,197,147.857792
-63.0,200,148.005636
-65.0,200,148.140346
-60.0,200,148.282412
-47.0,200,148.430367
-66.0,200,148.584703
-85.0,200,148.72974
-43.0,200,148.875319
-61.0,200,149.026618
31.78,122,149.118156
-57.0,200,149.271512
-52.0,200,149.415504
-85.0,200,149.563128
-81.0,200,149.714862
-58.0,200,149.860381
37.46,154,149.976183
-37.0,200,150.123985
-53.0,200,150.274598
-61.0,200,150.424516
-67.0,200,150.571991
-62.0,200,150.724201
-71.0,200,150.880299
-79.0,200,151.016726
-65.0,200,151.161985
-38.0,200,151.309908
-70.0,200,151.479372
-85.0,200,151.653111
-68.0,200,151.81337
-150.0,200,151.957699
-63.0,200,152.12611
-71.0,200,152.285446
-63.0,200,152.435204
-65.0,200,152.577704
-55.0,200,152.724348
-62.0,200,152.867534
-34.0,200,153.009184
-71.0,200,153.142847
-62.0,200,153.299124
-66.0,200,153.431573
-50.0,200,153.567844
-57.0,200,153.707402
-68.0,200,153.850089
3.0,200,153.980824
-43.0,200,154.114917
-56.0,200,154.247741
-39.0,200,154.389486
-64.0,200,154.522999
-46.0,200,154.660624
-52.0,200,154.807905
-66.0,200,154.972495
-55.0,200,155.121686
-62.0,200,155.271497
-41.0,200,155.436804
-59.0,200,155.610464
-78.0,200,155.771475
-86.0,200,155.929499
-32.0,200,156.074418
18.0,200,156.240814
-42.0,200,156.491028
-68.0,200,156.723662
-55.0,200,156.951498
-62.0,200,157.217372
-48.0,200,157.439741
-108.0,200,157.629949
-56.0,200,157.816726
-62.0,200,157.989796
-72.0,200,158.154821
-51.0,200,158.340848
-64.0,200,158.519729
-77.0,200,158.725436
-59.0,200,158.902455
-88.0,200,159.091593
-64.0,200,159.294083
-50.0,200,159.487948
-61.0,200,159.667352
-50.0,200,159.838072
-40.0,200,160.083297
-59.0,200,160.341722
-55.0,200,160.611115
-61.0,200,160.823158
-55.0,200,161.030117
-63.0,200,161.319127
-36.0,200,161.530105
-62.0,200,161.762441
-57.0,200,161.994334
-59.0,200,162.240238
-48.0,200,162.430468
-82.0,200,162.613386
-54.0,200,162.790134
-49.0,200,162.966493
-65.0,200,163.563853
-66.0,200,163.853732
-70.0,200,164.125083
11.0,200,164.902713
-58.0,200,165.124374
-90.0,200,165.345998
-62.0,200,165.553664
-64.0,200,165.764029
-41.0,200,165.940082
-61.0,200,166.147988
-54.0,200,166.34508
-53.0,200,166.528844
32.26,174,166.684057
-59.0,200,166.874927
-105.0,200,167.068807
-62.0,200,167.260035
-66.0,200,167.567764
-60.0,200,167.768257
-104.0,200,168.021008
-106.0,200,168.328092
-62.0,200,168.620163
-52.0,200,168.890061
-45.0,200,169.115818
-56.0,200,169.329265
-63.0,200,169.530243
-70.0,200,169.735497
-48.0,200,169.983212
-19.0,200,170.224696
-52.0,200,170.436276
-36.0,200,170.661014
-59.0,200,170.883186
-58.0,200,171.116424
-66.0,200,171.349646
-59.0,200,171.575902
-65.0,200,171.818099
-44.0,200,172.100792
-78.0,200,172.348981
-69.0,200,172.585515
-51.0,200,172.827274
-56.0,200,173.064577
-54.0,200,173.276305
-63.0,200,173.46308
-72.0,200,173.650586
-79.0,200,173.823564
-39.0,200,173.987554
-57.0,200,174.14649
-30.0,200,174.314785
-62.0,200,174.503448
-65.0,200,174.670043
-53.0,200,174.837392
-57.0,200,175.017357
-59.0,200,175.198431
-44.0,200,175.371673
-38.0,200,175.53941
-31.0,200,175.713181
-60.0,200,175.891539
-48.0,200,176.075113
-56.0,200,176.246638
-54.0,200,176.43488
-117.0,200,176.621407
-52.0,200,176.804051
-64.0,200,177.010782
-47.0,200,177.223707
-51.0,200,177.441257
-52.0,200,177.630618
-24.0,200,177.821
-31.0,200,178.027222
-53.0,200,178.239305
-54.0,200,178.434903
-75.0,200,178.641376
-80.0,200,178.857014
-66.0,200,179.114616
-52.0,200,179.400822
-70.0,200,179.627181
-53.0,200,179.85442
-33.0,200,180.705686
-40.0,200,181.512238
-35.0,200,181.885656
-51.0,200,182.174148
-51.0,200,182.490206
-73.0,200,182.781646
-51.0,200,183.08756
-30.0,200,183.405646
-55.0,200,183.693857
-45.0,200,183.969251
-54.0,200,184.276403
-44.0,200,184.661901
46.0,100,184.826571
-47.0,200,185.098891
-55.0,200,185.389559
-56.0,200,185.665015
22.35,165,185.8889
-32.0,200,186.131349
-29.0,200,186.383508
-63.0,200,186.657667
-69.0,200,186.978035
-65.0,200,187.252592
-49.0,200,187.549651
-63.0,200,188.1758
-48.0,200,188.471891
-52.0,200,188.762714
-62.0,200,189.05812
-51.0,200,189.343236
-44.0,200,189.651851
-17.0,200,189.937543
-59.0,200,190.238501
-151.0,200,190.511401
-53.0,200,190.797949
-70.0,200,191.060498
-33.0,200,191.327311
-32.0,200,191.577774
-61.0,200,191.834954
-33.0,200,192.090899
-52.0,200,192.340504
-50.0,200,192.600618
-52.0,200,192.861145
-26.0,200,193.113433
-59.0,200,193.345015
-0.93,193,193.561292
-42.0,200,193.788419
-34.0,200,193.985649
35.93,107,194.097774
-62.0,200,194.308929
-48.0,200,194.527665
-55.0,200,194.719357
-56.0,200,194.911825
-47.0,200,195.125964
-79.0,200,195.336542
-53.0,200,195.526936
-70.0,200,195.731094
-65.0,200,195.931055
-68.0,200,196.129075
-55.0,200,196.322385
-69.0,200,196.524409
-29.0,200,196.737039
42.21,79,196.822097
-55.0,200,197.016753
-52.0,200,197.200464
-57.0,200,197.40276
-88.0,200,197.591264
-39.0,200,197.778608
-46.0,200,197.952056
-60.0,200,198.134301
-39.0,200,198.337629
-49.0,200,198.515114
-141.0,200,198.691126
-47.0,200,198.880609
-36.0,200,199.062115
37.36,164,199.200909
-37.0,200,199.367348
17.14,186,199.57918
-61.0,200,199.767096
-38.0,200,199.933742
-48.0,200,200.129044
-44.0,200,200.312349
-63.0,200,200.48793
-52.0,200,200.660246
-48.0,200,200.829826
-58.0,200,201.024266
-52.0,200,201.223312
-61.0,200,201.388836
-59.0,200,201.56639
-42.0,200,201.742869
43.69,131,201.86196
-40.0,200,202.027541
-66.0,200,202.191475
-52.0,200,202.362266
-23.0,200,202.544017
-52.0,200,202.714216
-32.0,200,202.879582
30.63,137,202.990298
-72.0,200,203.165067
-57.0,200,203.323319
-67.0,200,203.480009
-79.0,200,203.64431
-54.0,200,203.832538
-71.0,200,203.99208
-50.0,200,204.153742
26.27,173,204.295491
-78.0,200,204.462496
57.17,83,204.530877
-56.0,200,204.686263
-56.0,200,204.847739
-49.0,200,205.012566
-135.0,200,205.173391
-31.0,200,205.337448
-52.0,200,205.502411
24.37,63,205.569266
-66.0,200,205.738576
-46.0,200,205.904778
-48.0,200,206.070945
-41.0,200,206.259035
-55.0,200,206.536828
-40.0,200,206.692734
-118.0,200,206.850272
-31.0,200,207.015218
-43.0,200,207.170911
-39.0,200,207.327116
-41.0,200,207.481528
-72.0,200,207.644716
-65.0,200,207.799663
-65.0,200,207.947436
44.11,89,208.017931
22.0,200,208.179588
-50.0,200,208.328135
30.65,135,208.429619
-29.0,200,208.584919
-37.0,200,208.76429
-53.0,200,208.914965
-46.0,200,209.068557
-66.0,200,209.240252
-72.0,200,209.431538
-62.0,200,209.585225
-59.0,200,209.7361
-48.0,200,209.888726
-44.0,200,210.048488
-51.0,200,210.218522
-49.0,200,210.370342
-49.0,200,210.527072
-47.0,200,210.686917
-98.0,200,210.840011
-27.0,200,210.987547
-37.0,200,211.137537
-50.0,200,211.310658
-59.0,200,211.45883
-56.0,200,211.609765
-47.0,200,211.773775
-36.0,200,211.928162
30.0,200,212.074454
-53.0,200,212.223178
-38.0,200,212.374558
-44.0,200,212.530756
-40.0,200,212.678693
-41.0,200,212.827485
-36.0,200,212.971618
24.41,159,213.100651
-48.0,200,213.248375
-120.0,200,213.398139
-74.0,200,213.555648
-38.0,200,213.725885
-47.0,200,213.874777
-74.0,200,214.023252
-70.0,200,214.174894
-36.0,200,214.332078
-100.0,200,214.481872
-86.0,200,214.629306
-39.0,200,214.784428
-40.0,200,214.954265
-54.0,200,215.10531
-41.0,200,215.254685
91.61,139,215.36588
-36.0,200,215.525049
-53.0,200,215.672947
34.48,152,215.783639
-42.0,200,215.933094
-57.0,200,216.10457
-44.0,200,216.253185
-45.0,200,216.40064
-88.0,200,216.553976
-37.0,200,216.713877
-53.0,200,216.862721
-45.0,200,217.010411
-36.0,200,217.161026
-57.0,200,217.314193
-57.0,200,217.459738
-74.0,200,217.61071
-41.0,200,217.763571
-55.0,200,217.931281
-48.0,200,218.094501
45.1,90,218.162494
-45.0,200,218.321085
20.0,200,218.479239
-86.0,200,218.62778
-41.0,200,218.785924
-53.0,200,218.938357
-31.0,200,219.101343
-57.0,200,219.280425
-55.0,200,219.427282
-62.0,200,219.597822
-38.0,200,219.786376
-50.0,200,219.939886
-59.0,200,220.090804
-91.0,200,220.253127
-64.0,200,220.422282
-5.0,200,220.583822
-45.0,200,220.740108
55.37,63,220.789444
-125.0,200,220.953427
-55.0,200,221.100809
-45.0,200,221.255174
-36.0,200,221.417489
-45.0,200,221.628106
-57.0,200,221.821829
-49.0,200,222.023403
-33.0,200,222.372326
-55.0,200,222.588761
-44.0,200,222.770142
36.0,200,222.97689
-30.0,200,223.464558
-27.0,200,223.816878
-39.0,200,224.080817
-76.0,200,224.306632
-37.0,200,224.49734
-47.0,200,224.724805
-56.0,200,224.917662
-42.0,200,225.1087
-44.0,200,225.323052
-59.0,200,225.560691
60.32,68,225.623908
53.36,64,225.684178
-50.0,200,226.001981
-47.0,200,226.187819
-44.0,200,226.390316
-33.0,200,226.581842
-59.0,200,226.762024
-37.0,200,226.941973
-126.0,200,227.129832
-51.0,200,227.311835
-64.0,200,227.497139
-52.0,200,227.710832
-51.0,200,227.899811
-46.0,200,228.077701
-42.0,200,228.270877
-35.0,200,228.461216
-31.0,200,228.637537
-51.0,200,228.829591
-48.0,200,229.041255
-44.0,200,229.266206
-37.0,200,229.463623
46.77,123,229.575971
-51.0,200,229.770846
-65.0,200,229.987223
21.03,197,230.170759
-37.0,200,230.369187
-64.0,200,230.567489
53.65,35,230.609268
-35.0,200,230.799431
-34.0,200,230.994864
-15.0,200,231.193914
-46.0,200,231.394078
-56.0,200,231.58423
-43.0,200,231.785827
-50.0,200,232.02717
-41.0,200,232.257958
-53.0,200,232.431624
-37.0,200,232.625177
-80.0,200,232.830939
-55.0,200,233.045644
-51.0,200,233.24135
-35.0,200,233.441672
-35.0,200,233.668632
1.0,200,233.894265
-44.0,200,234.131381
-35.0,200,234.359977
-43.0,200,234.582816
-53.0,200,234.82042
-44.0,200,235.027071
-40.0,200,235.238218
53.13,87,235.332744
-23.0,200,235.545121
-45.0,200,235.740495
-56.0,200,235.94418
-56.0,200,236.150333
-33.0,200,236.363134
-50.0,200,236.599696
-41.0,200,236.805541
-39.0,200,237.048825
-56.0,200,237.295178
-35.0,200,237.518429
-34.0,200,237.794241
-45.0,200,238.03633
-49.0,200,238.290515
-34.0,200,238.494042
-42.0,200,238.703867
-48.0,200,238.933204
-38.0,200,239.193502
-54.0,200,239.424002
-44.0,200,239.697128
-28.0,200,239.983583
-44.0,200,240.308413
-53.0,200,240.636832
-185.0,200,240.884062
-23.0,200,241.142149
-44.0,200,241.383219
-62.0,200,241.612134
-46.0,200,241.845867
-50.0,200,242.082611
-43.0,200,242.372254
-34.0,200,242.668177
-41.0,200,242.935566
-55.0,200,243.168396
-33.0,200,243.435247
-37.0,200,243.66589
-37.0,200,243.910377
-43.0,200,244.14224
-25.0,200,244.382863
-81.0,200,244.624267
-30.0,200,244.87943
-41.0,200,245.133742
-41.0,200,245.394762
-44.0,200,245.626732
-37.0,200,245.869438
-46.0,200,246.112543
-63.0,200,246.372371
-44.0,200,246.604262
-21.0,200,246.871779
-39.0,200,247.129094
-48.0,200,247.416928
-53.0,200,247.637278
-48.0,200,247.863414
-40.0,200,248.091181
-29.0,200,248.337793
-81.0,200,248.733535
-52.0,200,248.969572
-28.0,200,249.202422
40.98,102,249.343237
-24.0,200,249.570369
-72.0,200,249.81557
-48.0,200,250.05797
-61.0,200,250.294411
-41.0,200,250.517344
-44.0,200,250.747748
23.0,200,250.977013
-31.0,200,251.211624
-49.0,200,251.462368
-33.0,200,251.707262
-32.0,200,252.005079
-31.0,200,252.270415
-43.0,200,252.511714
-29.0,200,252.750948
-144.0,200,252.974586
-27.0,200,253.206807
-40.0,200,253.422682
-33.71,171,253.619249
-30.0,200,253.852901
-50.0,200,254.089137
-47.0,200,254.310062
-53.0,200,254.534109
-33.58,158,254.712513
-114.0,200,254.984077
-34.0,200,255.207155
-39.0,200,255.443293
-32.0,200,255.689981
-28.0,200,255.924426
-56.0,200,256.139745
-43.0,200,256.366435
-31.0,200,256.599846
-28.0,200,256.833594
-67.0,200,257.053305
-42.0,200,257.288178
-30.0,200,257.517123
-55.0,200,257.763145
-38.0,200,257.988773
47.09,91,258.089758
-39.0,200,258.326577
-40.0,200,258.559298
-60.0,200,258.822309
-46.0,200,259.067579
-49.0,200,259.29749
-43.0,200,259.535293
-30.0,200,259.774114
-37.0,200,260.033316
-28.0,200,260.287311
-38.0,200,260.555403
-33.0,200,260.78979
-35.0,200,261.027869
-35.0,200,261.252336
33.48,152,261.431639
-26.0,200,261.646655
22.22,178,261.846033
-19.0,200,262.08907
-48.0,200,262.323425
-32.0,200,262.551482
-37.0,200,262.775867
-51.0,200,263.004919
-19.0,200,263.257725
-24.0,200,263.485303
-32.0,200,263.718001
-30.0,200,263.940993
-45.0,200,264.163113
-43.0,200,264.373047
-55.0,200,264.587996
-12.0,200,264.814056
-42.0,200,265.032198
-46.0,200,265.264086
-111.0,200,265.491001
-45.0,200,265.714516
-19.0,200,265.957176
-46.0,200,266.170334
36.0,200,266.575563
-20.0,200,266.79023
-48.0,200,267.010336
-35.0,200,267.2135
-51.0,200,267.430513
-37.0,200,267.652349
-32.0,200,267.873172
-51.0,200,268.080391
-19.0,200,268.301198
-37.0,200,268.526321
-44.0,200,268.763744
-46.0,200,268.966632
-36.0,200,269.184921
-39.0,200,269.40354
-45.0,200,269.607909
-33.0,200,269.809001
-32.0,200,270.01131
-15.0,200,270.225708
-44.0,200,270.459585
-49.0,200,270.673506
-30.0,200,270.887425
-67.0,200,271.094747
-45.0,200,271.313196
-38.0,200,271.508074
-41.0,200,271.703107
-65.0,200,271.908106
-38.0,200,272.112467
-51.0,200,272.295463
-42.0,200,272.47654
52.28,72,272.544447
-33.0,200,272.741144
-27.0,200,272.921645
-30.0,200,273.105731
-40.0,200,273.291889
-66.0,200,273.492266
7.0,200,273.667039
-42.0,200,273.844042
55.68,32,273.874124
-23.0,200,274.059382
-156.0,200,274.236795
35.11,189,274.399811
-29.0,200,274.586364
-43.0,200,274.767431
-52.0,200,274.932378
-27.0,200,275.096556
-40.0,200,275.272972
-49.0,200,275.474022
-42.0,200,275.646214
-26.0,200,275.811959
-103.0,200,275.98634
-50.0,200,276.163484
-31.0,200,276.317552
41.76,124,276.413127
-40.0,200,276.582474
-10.0,200,276.762633
-40.0,200,276.923168
-28.0,200,277.080505
-35.0,200,277.24247
-37.0,200,277.462327
-26.0,200,277.656347
-21.0,200,277.831533
-36.0,200,277.999004
-44.0,200,278.165056
-51.0,200,278.318084
-36.0,200,278.47298
-17.0,200,278.632943
-48.0,200,278.797979
-23.0,200,278.95053
41.0,200,279.106939
-49.0,200,279.261742
-43.0,200,279.442725
31.0,200,279.59814
-37.0,200,279.744194
44.02,98,279.816861
29.0,200,279.978578
-78.0,200,280.134498
25.0,200,280.294885
-7.0,200,280.445726
55.66,34,280.480117
-38.0,200,280.636021
-53.0,200,280.779896
-32.0,200,280.920368
-36.0,200,281.087711
-31.0,200,281.232233
-35.0,200,281.378578
-31.0,200,281.530752
-38.0,200,281.690668
-32.0,200,281.843257
-31.0,200,281.986557
-24.0,200,282.136022
-34.0,200,282.286853
-31.0,200,282.427621
-32.0,200,282.573344
-24.0,200,282.714438
-21.0,200,282.879613
-32.0,200,283.022505
-78.0,200,283.171117
-43.0,200,283.312946
-93.0,200,283.468122
-34.0,200,283.610264
-37.0,200,283.753598
-42.0,200,283.893211
-41.0,200,284.040263
-28.0,200,284.180397
-34.0,200,284.32015
-30.0,200,284.463139
-40.0,200,284.634899
-47.0,200,284.781435
-58.0,200,284.917467
-44.0,200,285.065747
-32.0,200,285.214272
-38.0,200,285.352349
-41.0,200,285.489679
-16.0,200,285.630681
-35.0,200,285.781316
-24.0,200,285.916855
-21.0,200,286.055241
-33.0,200,286.196197
-45.0,200,286.354204
-14.0,200,286.493866
19.0,200,286.630478
-46.0,200,286.767435
-40.0,200,286.915331
-47.0,200,287.052472
-20.0,200,287.192163
-38.0,200,287.332544
-42.0,200,287.479652
-39.0,200,287.61653
-56.0,200,287.754978
-31.0,200,287.894337
-25.0,200,288.054504
-37.0,200,288.194024
-37.0,200,288.330184
-37.0,200,288.467335
19.33,167,288.589934
-28.0,200,288.72991
-12.0,200,288.865957
-24.0,200,289.004106
-18.0,200,289.158845
-36.0,200,289.306792
-102.0,200,289.452611
-17.0,200,289.594064
-38.0,200,289.759265
-57.0,200,289.899522
-29.0,200,290.041396
-19.0,200,290.306871
-16.0,200,290.457271
-34.0,200,290.600223
-22.0,200,290.739916
-81.0,200,290.877945
-24.0,200,291.037805
-35.0,200,291.178328
-49.0,200,291.315996
-12.0,200,291.456792
-42.0,200,291.617257
-33.0,200,291.758508
-20.0,200,291.897524
-4.0,200,292.035362
-45.0,200,292.18608
-36.0,200,292.325882
-111.0,200,292.462548
-43.0,200,292.600854
-25.0,200,292.753874
-49.0,200,292.889855
-20.0,200,293.027209
-37.0,200,293.168781
-32.0,200,293.329671
-33.0,200,293.47013
-215.0,200,293.606667
-31.0,200,293.746998
-29.0,200,293.910555
-16.0,200,294.054288
-34.0,200,294.197868
-27.0,200,294.342032
-32.0,200,294.492775
-46.0,200,294.639433
-29.0,200,294.782322
-38.0,200,294.923821
-19.0,200,295.088251
-15.0,200,295.226427
-15.0,200,295.363112
31.0,200,295.51376
-24.0,200,295.662065
-31.0,200,295.801746
-40.0,200,295.939172
-31.0,200,296.080858
-71.0,200,296.229514
-33.0,200,296.371962
47.0,200,296.510024
-32.0,200,296.649134
-22.0,200,296.812076
-35.0,200,296.94868
-31.0,200,297.089557
-26.0,200,297.228498
-43.0,200,297.37673
-38.0,200,297.514107
46.08,92,297.575742
-27.0,200,297.718306
-38.0,200,297.86634
-38.0,200,298.005264
-30.0,200,298.144573
-31.0,200,298.282819
-52.0,200,298.457346
-34.0,200,298.609023
-37.0,200,298.751442
-27.0,200,298.899737
-15.0,200,299.050191
-262.0,200,299.198543
-26.0,200,299.34363
-14.0,200,299.487037
-17.0,200,299.635969
-33.0,200,299.776121
-43.0,200,299.915479
-32.0,200,300.062396
-14.0,200,300.22496
-25.0,200,300.366396
-28.0,200,300.507228
-25.0,200,300.64977
-30.0,200,300.798431
-27.0,200,300.93881
-51.0,200,301.085743
-34.0,200,301.224184
-16.0,200,301.37604
-28.0,200,301.516664
-29.0,200,301.655266
-15.0,200,301.797818
-26.0,200,301.962269
-37.0,200,302.105334
-40.0,200,302.244834
-31.0,200,302.387643
-25.0,200,302.535018
-29.0,200,302.681884
36.0,200,302.823342
-35.0,200,302.974958
-122.0,200,303.138786
-35.0,200,303.279974
-13.0,200,303.421863
-27.0,200,303.575202
-30.0,200,303.738852
-32.0,200,303.880683
-116.0,200,304.022735
-62.0,200,304.16342
-49.0,200,304.318141
-24.0,200,304.458139
-37.0,200,304.599555
-54.0,200,304.738575
-32.0,200,304.885812
-40.0,200,305.029321
-33.0,200,305.168256
-7.0,200,305.313245
-50.0,200,305.476866
-20.0,200,305.618919
-29.0,200,305.75997
-29.0,200,305.90307
-19.0,200,306.056411
-32.0,200,306.197914
-16.0,200,306.337977
-15.0,200,306.478787
-47.0,200,306.62622
-24.0,200,306.766086
-37.0,200,306.906922
-41.0,200,307.047912
-29.0,200,307.210209
33.0,200,307.352904
-31.0,200,307.495165
-47.0,200,307.653267
39.09,191,307.801199
-19.0,200,307.93908
-33.0,200,308.081071
-34.0,200,308.219652
-10.0,200,308.368452
-33.0,200,308.505132
-36.0,200,308.641642
-39.0,200,308.781827
-23.0,200,308.939679
-9.0,200,309.080353
-27.0,200,309.214777
-28.0,200,309.354183
-25.0,200,309.502468
-24.0,200,309.640045
-39.0,200,309.77571
-28.0,200,309.913229
-25.0,200,310.059624
-46.0,200,310.197223
-24.0,200,310.334884
-188.0,200,310.466691
-8.0,200,310.627531
-13.0,200,310.764186
-30.0,200,310.899743
-24.0,200,311.035989
-41.0,200,311.185408
-38.0,200,311.322227
-25.0,200,311.459009
-158.0,200,311.724109
-42.0,200,311.88913
-40.0,200,312.025399
-36.0,200,312.160753
-29.0,200,312.318658
-24.0,200,312.489216
-32.0,200,312.643562
-25.0,200,312.790986
55.53,147,312.895196
-30.0,200,313.041617
-28.0,200,313.183058
-15.0,200,313.322558
-42.0,200,313.458138
-32.0,200,313.622029
-26.0,200,313.765074
-13.0,200,313.908153
-11.0,200,314.053358
-33.0,200,314.205816
-18.0,200,314.352912
-29.0,200,314.49403
-25.0,200,314.637081
-24.0,200,314.788756
-19.0,200,314.929734
-13.0,200,315.071655
-19.0,200,315.213434
-22.0,200,315.378444
-33.0,200,315.522003
-14.0,200,315.663438
-28.0,200,315.809156
-17.0,200,316.008754
-34.0,200,316.154218
-16.0,200,316.308599
-43.0,200,316.450791
-19.0,200,316.635664
-42.0,200,316.781467
-25.0,200,316.936473
-14.0,200,317.092146
-27.0,200,317.249929
-14.0,200,317.401227
-29.0,200,317.546389
-30.0,200,317.696303
-30.0,200,317.850527
-8.0,200,317.996437
-23.0,200,318.143024
-34.0,200,318.28905
-30.0,200,318.441198
-23.0,200,318.590466
-45.0,200,318.73186
-31.0,200,318.88239
-13.0,200,319.038706
-16.0,200,319.185001
-16.0,200,319.329593
-197.0,200,319.480969
-24.0,200,319.634044
45.5,150,319.74243
-30.0,200,319.904985
-22.0,200,320.063246
-22.0,200,320.217322
-34.0,200,320.363792
-28.0,200,320.510213
-26.0,200,320.656031
-25.0,200,320.811495
-12.0,200,320.955476
-3.0,200,321.097187
-24.0,200,321.246885
-42.0,200,321.402361
-17.0,200,321.561496
-35.0,200,321.71643
-12.0,200,321.869173
-19.0,200,322.041627
-33.0,200,322.186897
-29.0,200,322.334211
-28.0,200,322.485015
-186.0,200,322.640395
-27.0,200,322.786106
-12.0,200,322.936676
-15.0,200,323.090738
-30.0,200,323.249185
-28.0,200,323.40141
-20.0,200,323.550575
-36.0,200,323.705888
-30.0,200,323.863539
-7.0,200,324.014926
-25.0,200,324.164495
-9.0,200,324.316059
-28.0,200,324.482234
-24.0,200,324.634784
-19.0,200,324.789499
-21.0,200,324.944502
-28.0,200,325.117726
-6.0,200,325.27131
-15.0,200,325.418938
42.0,200,325.579126
-9.0,200,325.737667
-34.0,200,325.884152
-20.0,200,326.043163
-18.0,200,326.207801
-26.0,200,326.37964
-3.0,200,326.536772
-14.0,200,326.690529
-17.0,200,326.846424
-32.0,200,327.002486
42.0,200,327.156667
-16.0,200,327.308169
-20.0,200,327.460746
-25.0,200,327.636178
-25.0,200,327.789213
-30.0,200,327.943952
-24.0,200,328.099573
-26.0,200,328.375349
-16.0,200,328.529113
101.13,187,328.668056
-40.0,200,328.830389
-10.0,200,328.993031
-32.0,200,329.145178
-19.0,200,329.30607
-20.0,200,329.464819
-25.0,200,329.624267
-33.0,200,329.775754
-24.0,200,329.930057
-32.0,200,330.084143
-24.0,200,330.243781
-7.0,200,330.394011
-17.0,200,330.54778
-35.0,200,330.703131
-18.0,200,330.893842
-25.0,200,331.053035
-23.0,200,331.206165
-12.0,200,331.362931
-27.0,200,331.52786
-33.0,200,331.679763
-18.0,200,331.835184
-31.0,200,331.990988
-64.0,200,332.153575
-12.0,200,332.307484
-31.0,200,332.458744
-7.0,200,332.613984
-58.0,200,332.778501
-17.0,200,332.930123
-18.0,200,333.085683
-24.0,200,333.244109
-32.0,200,333.407134
-23.0,200,333.563899
-20.0,200,333.716705
-31.0,200,333.877506
-22.0,200,334.049874
-36.0,200,334.201757
-23.0,200,334.35253
-27.0,200,334.510047
-28.0,200,334.669295
-22.0,200,334.821227
-21.0,200,334.978042
-25.0,200,335.158682
-10.0,200,335.38514
-13.0,200,335.547476
-22.0,200,335.706607
-14.0,200,335.861584
-25.0,200,336.026604
-24.0,200,336.180249
-35.0,200,336.329492
0.0,200,336.488287
-22.0,200,336.661039
-20.0,200,336.820616
-87.0,200,336.97083
-14.0,200,337.127985
-17.0,200,337.291134
-22.0,200,337.442298
-25.0,200,337.597122
-28.0,200,337.755574
-14.0,200,337.918572
2.0,200,338.072754
-25.0,200,338.227906
-24.0,200,338.385775
-24.0,200,338.550061
-13.0,200,338.704604
-10.0,200,338.855808
-14.0,200,339.015092
4.0,200,339.176615
-4.0,200,339.328926
-31.0,200,339.485935
-33.0,200,339.642648
-25.0,200,339.820034
-18.0,200,339.983391
-275.0,200,340.150087
-19.0,200,340.313819
2.0,200,340.480385
-36.0,200,340.634143
-24.0,200,340.788578
-31.0,200,340.945653
-11.0,200,341.110111
-14.0,200,341.264712
-24.0,200,341.419599
-19.0,200,341.577078
-17.0,200,341.738911
-10.0,200,341.894755
-18.0,200,342.060756
-27.0,200,342.221368
-7.0,200,342.38362
-21.0,200,342.53659
-29.0,200,342.708019
-5.0,200,342.868768
-22.0,200,343.041611
-11.0,200,343.194435
-24.0,200,343.345195
-15.0,200,343.501717
-19.0,200,343.663656
-14.0,200,343.818736
-26.0,200,343.969375
-29.0,200,344.123735
-27.0,200,344.287158
-24.0,200,344.451269
0.0,200,344.62197
-35.0,200,344.790892
-20.0,200,344.954079
-20.0,200,345.109318
-18.0,200,345.26319
-26.0,200,345.424126
-57.0,200,345.58563
-21.0,200,345.739881
62.02,98,345.819128
-10.0,200,345.974924
-20.0,200,346.148148
-8.0,200,346.301918
-22.0,200,346.457102
-22.0,200,346.614492
-24.0,200,346.77874
-22.0,200,346.934102
-16.0,200,347.087953
-17.0,200,347.246016
-31.0,200,347.412853
-10.0,200,347.566579
-24.0,200,347.71945
-16.0,200,347.875092
-5.0,200,348.039278
-17.0,200,348.193395
-19.0,200,348.34854
-27.0,200,348.50835
-5.0,200,348.670085
-19.0,200,348.829543
-21.0,200,348.984177
-16.0,200,349.154611
-26.0,200,349.336136
4.0,200,349.496863
-29.0,200,349.653348
-1.0,200,349.81824
-20.0,200,349.982764
-22.0,200,350.136803
-24.0,200,350.291644
-21.0,200,350.455601
-19.0,200,350.618722
-1.0,200,350.774144
3.0,200,350.929861
-24.0,200,351.090272
-22.0,200,351.251184
-24.0,200,351.402212
-21.0,200,351.625875
-3.0,200,351.839514
-27.0,200,352.003893
-22.0,200,352.15729
54.81,119,352.249904
-17.0,200,352.402551
-28.0,200,352.578475
-13.0,200,352.730476
-18.0,200,352.88304
-15.0,200,353.04509
-11.0,200,353.20771
-54.0,200,353.362461
-13.0,200,353.520325
-32.0,200,353.67508
52.53,147,353.797208
-6.0,200,353.954611
-22.0,200,354.111213
-27.0,200,354.27838
-10.0,200,354.450527
-6.0,200,354.606836
-17.0,200,354.766086
-26.0,200,354.925687
-16.0,200,355.101227
-20.0,200,355.25367
-20.0,200,355.406596
-16.0,200,355.571501
-12.0,200,355.734369
-9.0,200,355.885798
-10.0,200,356.043868
-12.0,200,356.201449
-10.0,200,356.365688
-25.0,200,356.5199
-22.0,200,356.675372
-23.0,200,356.833211
-14.0,200,356.998013
-17.0,200,357.151916
-16.0,200,357.309726
-47.0,200,357.471179
-25.0,200,357.632401
-18.0,200,357.78905
-3.0,200,357.943559
-19.0,200,358.103894
-2.0,200,358.283457
-14.0,200,358.438885
-6.0,200,358.595212
-11.0,200,358.764913
-6.0,200,358.942347
-10.0,200,359.102586
-27.0,200,359.267778
5.0,200,359.432356
-14.0,200,359.600096
-20.0,200,359.753162
3.0,200,359.918525
-8.0,200,360.085431
46.0,200,360.248544
-14.0,200,360.406658
-12.0,200,360.563112
-9.0,200,360.7222
-14.0,200,360.895441
63.48,52,360.937021
-16.0,200,361.103155
-1.0,200,361.256349
-6.0,200,361.416141
-5.0,200,361.5723
-12.0,200,361.728336
-5.0,200,361.888903
-4.0,200,362.054058
1.0,200,362.210168
-12.0,200,362.370444
-12.0,200,362.534273
-22.0,200,362.694725
-10.0,200,362.851721
-4.0,200,363.004951
-10.0,200,363.16224
-61.0,200,363.339938
-8.0,200,363.506517
-36.0,200,363.675833
4.0,200,363.853139
-20.0,200,364.023218
-25.0,200,364.183644
-8.0,200,364.34139
-14.0,200,364.513805
-19.0,200,364.685007
-1.0,200,364.844733
-16.0,200,365.000892
-17.0,200,365.161575
-18.0,200,365.329415
-19.0,200,365.4886
-24.0,200,365.641935
-10.0,200,365.80216
-21.0,200,365.977641
-13.0,200,366.133453
-13.0,200,366.290328
-14.0,200,366.452806
-11.0,200,366.617038
0.0,200,366.777297
-18.0,200,366.932381
-10.0,200,367.092089
-23.0,200,367.255863
-26.0,200,367.408364
-14.0,200,367.577402
-6.0,200,367.73824
-17.0,200,367.908839
2.0,200,368.077934
-13.0,200,368.24233
50.0,200,368.418496
-15.0,200,368.621809
-20.0,200,368.787367
-17.0,200,368.943257
-10.0,200,369.108558
-14.0,200,369.274001
-23.0,200,369.431679
-13.0,200,369.608044
-15.0,200,369.773946
-3.0,200,369.940181
1.0,200,370.091962
-12.0,200,370.2587
-19.0,200,370.421295
-25.0,200,370.586333
-22.0,200,370.741151
-16.0,200,370.896198
-17.0,200,371.05666
-14.0,200,371.279939
-10.0,200,371.437972
-13.0,200,371.593292
-15.0,200,371.75752
-4.0,200,371.921064
-19.0,200,372.080204
-14.0,200,372.235698
-16.0,200,372.394964
-15.0,200,372.564873
-28.0,200,372.72757
3.0,200,372.899892
-10.0,200,373.066441
-8.0,200,373.360747
-19.0,200,373.517294
-15.0,200,373.676545
-15.0,200,373.845687
-20.0,200,374.021718
-17.0,200,374.176965
-9.0,200,374.333318
-9.0,200,374.495507
-10.0,200,374.660863
-14.0,200,374.816819
-11.0,200,374.972399
-21.0,200,375.131524
-14.0,200,375.295105
-2.0,200,375.449847
-18.0,200,375.607362
1.0,200,375.771789
-67.0,200,375.934813
-13.0,200,376.090195
-7.0,200,376.245306
-2.0,200,376.404813
-7.0,200,376.583216
-22.0,200,376.738311
-14.0,200,376.892854
-20.0,200,377.052754
-18.0,200,377.216185
-18.0,200,377.37364
-19.0,200,377.528983
-1.0,200,377.698829
-20.0,200,377.876202
-3.0,200,378.03415
-11.0,200,378.190991
-4.0,200,378.352725
-11.0,200,378.522575
-13.0,200,378.676932
-11.0,200,378.836345
-11.0,200,378.997804
-4.0,200,379.174036
-15.0,200,379.329103
-6.0,200,379.488292
-19.0,200,379.651708
-16.0,200,379.818151
-5.0,200,379.985951
-3.0,200,380.157355
-14.0,200,380.321844
-15.0,200,380.488901
-19.0,200,380.640507
5.0,200,380.799609
-12.0,200,380.961607
-15.0,200,381.127242
-17.0,200,381.284649
-6.0,200,381.439512
-16.0,200,381.599106
-10.0,200,381.776928
2.0,200,381.935012
-17.0,200,382.090999
-10.0,200,382.263648
-6.0,200,382.438122
-38.0,200,382.59721
-4.0,200,382.753387
-16.0,200,382.917455
-20.0,200,383.08651
-13.0,200,383.241946
-9.0,200,383.399666
-16.0,200,383.559119
7.0,200,383.725066
-7.0,200,383.880373
-14.0,200,384.035924
-14.0,200,384.197582
-13.0,200,384.373422
-15.0,200,384.532034
6.0,200,384.685108
-15.0,200,384.847879
2.0,200,385.014766
-214.0,200,385.170684
-11.0,200,385.325198
-8.0,200,385.486344
68.0,200,385.654675
-7.0,200,385.814345
-17.0,200,385.972966
-18.0,200,386.134941
-13.0,200,386.312774
-12.0,200,386.468177
-16.0,200,386.623329
-21.0,200,386.785065
-14.0,200,386.962135
-7.0,200,387.135719
-18.0,200,387.299057
-10.0,200,387.466553
-14.0,200,387.637154
-13.0,200,387.797689
-8.0,200,387.964347
-17.0,200,388.129895
0.0,200,388.298013
-15.0,200,388.457719
-18.0,200,388.614915
-25.0,200,388.776392
-11.0,200,388.939819
-5.0,200,389.099303
8.0,200,389.273612
-16.0,200,389.432698
-11.0,200,389.615473
-4.0,200,389.886506
-11.0,200,390.046765
-9.0,200,390.213429
-7.0,200,390.377177
-5.0,200,390.535399
-11.0,200,390.691932
-13.0,200,390.85036
6.0,200,391.01862
-12.0,200,391.17494
-8.0,200,391.333275
-13.0,200,391.495925
-11.0,200,391.679503
-18.0,200,391.844337
-11.0,200,392.007047
-9.0,200,392.172156
-8.0,200,392.354763
2.0,200,392.507442
-2.0,200,392.665817
-15.0,200,392.830444
-5.0,200,392.997654
-6.0,200,393.157477
-11.0,200,393.313032
-4.0,200,393.478795
-7.0,200,393.646264
6.0,200,393.804346
-10.0,200,393.960583
-5.0,200,394.122453
-10.0,200,394.292612
-7.0,200,394.45083
-3.0,200,394.610431
-106.0,200,394.772089
-8.0,200,394.952132
-2.0,200,395.107413
-7.0,200,395.265783
-16.0,200,395.429541
-4.0,200,395.595916
-12.0,200,395.749702
-6.0,200,395.907819
-10.0,200,396.071339
-6.0,200,396.238126
-13.0,200,396.402202
-11.0,200,396.56654
0.0,200,396.735707
-5.0,200,396.905422
-6.0,200,397.064354
-9.0,200,397.220323
-6.0,200,397.383379
-4.0,200,397.561447
-6.0,200,397.722307
-7.0,200,397.880298
-9.0,200,398.043966
-4.0,200,398.210625
-14.0,200,398.369911
-11.0,200,398.525804
5.0,200,398.688135
-7.0,200,398.856821
-9.0,200,399.01372
-8.0,200,399.170939
-2.0,200,399.334355
-6.0,200,399.506044
-14.0,200,399.665632
-8.0,200,399.824941
-3.0,200,399.990179
-8.0,200,400.1704
-13.0,200,400.329023
-9.0,200,400.484347
-5.0,200,400.648017
-166.0,200,400.816208
-1.0,200,400.973915
-10.0,200,401.129466
-9.0,200,401.29156
-5.0,200,401.469488
-3.0,200,401.632938
-5.0,200,401.793041
-4.0,200,401.961204
-19.0,200,402.128251
-10.0,200,402.284498
-5.0,200,402.443129
-9.0,200,402.607813
-4.0,200,402.788602
-8.0,200,402.947075
-4.0,200,403.105477
-4.0,200,403.270388
-9.0,200,403.436776
1.0,200,403.596837
-1.0,200,403.754527
-3.0,200,403.914126
-6.0,200,404.083239
-10.0,200,404.239562
-7.0,200,404.399863
-9.0,200,404.561192
-7.0,200,404.728948
-7.0,200,404.889579
-3.0,200,405.046161
-8.0,200,405.209006
-4.0,200,405.387728
-4.0,200,405.547166
-4.0,200,405.704112
-2.0,200,405.867309
-5.0,200,406.046135
1.0,200,406.210136
-8.0,200,406.3706
-3.0,200,406.542789
8.0,200,406.708625
-4.0,200,406.864513
-6.0,200,407.035064
-10.0,200,407.20774
-15.0,200,407.378898
-2.0,200,407.535632
5.0,200,407.691642
2.0,200,407.85307
-8.0,200,408.031167
-12.0,200,408.185794
-9.0,200,408.341978
-1.0,200,408.505366
10.0,200,408.673098
-6.0,200,408.8324
-5.0,200,408.989875
-9.0,200,409.152401
-1.0,200,409.316959
-3.0,200,409.47587
-4.0,200,409.638223
-7.0,200,409.803086
-8.0,200,409.965842
-6.0,200,410.11907
-8.0,200,410.271569
-1.0,200,410.429104
-5.0,200,410.608744
-2.0,200,410.771796
-9.0,200,410.926004
-6.0,200,411.088085
-7.0,200,411.256579
-6.0,200,411.408232
-4.0,200,411.566658
-9.0,200,411.72238
-6.0,200,411.884297
-10.0,200,412.034766
-6.0,200,412.187867
-9.0,200,412.341664
-1.0,200,412.634658
-10.0,200,412.793839
-10.0,200,412.9522
-7.0,200,413.116182
-9.0,200,413.290562
4.0,200,413.443262
6.0,200,413.599051
-9.0,200,413.756278
11.0,200,413.921451
-6.0,200,414.079556
0.0,200,414.236011
5.0,200,414.39431
-15.0,200,414.557204
-10.0,200,414.711211
-9.0,200,414.866467
-12.0,200,415.022198
-7.0,200,415.182684
-1.0,200,415.34814
-3.0,200,415.507201
-6.0,200,415.675446
-5.0,200,415.854646
-3.0,200,416.008769
-5.0,200,416.160827
-2.0,200,416.319241
-6.0,200,416.481151
-8.0,200,416.635107
-20.0,200,416.78643
-2.0,200,416.941543
-1.0,200,417.103587
-10.0,200,417.25603
-6.0,200,417.407034
1.0,200,417.567525
-11.0,200,417.730694
-3.0,200,417.884875
-2.0,200,418.040563
-9.0,200,418.200926
-5.0,200,418.378285
-3.0,200,418.538312
-19.0,200,418.696159
-5.0,200,418.857767
-16.0,200,419.026788
-7.0,200,419.194121
-6.0,200,419.353856
-7.0,200,419.51642
-10.0,200,419.68715
-3.0,200,419.855477
-13.0,200,420.021329
-2.0,200,420.185392
5.0,200,420.359215
-13.0,200,420.51773
-3.0,200,420.678562
-11.0,200,420.84447
-7.0,200,421.027193
-16.0,200,421.184542
-9.0,200,421.339651
1.0,200,421.503751
-4.0,200,421.672194
-7.0,200,421.829898
4.0,200,421.990009
-6.0,200,422.153554
-8.0,200,422.322134
-5.0,200,422.477328
-3.0,200,422.63361
2.0,200,422.798793
-5.0,200,422.970253
1.0,200,423.133297
-211.0,200,423.293715
-5.0,200,423.457447
-7.0,200,423.639732
-3.0,200,423.802759
-8.0,200,423.960174
-2.0,200,424.122648
-12.0,200,424.291952
1.0,200,424.462974
-2.0,200,424.627979
-2.0,200,424.796761
12.0,200,424.9676
-14.0,200,425.125516
-4.0,200,425.289079
-8.0,200,425.453478
-2.0,200,425.620088
-7.0,200,425.777394
-4.0,200,425.937411
-9.0,200,426.099918
-8.0,200,426.278805
-10.0,200,426.433616
-7.0,200,426.590497
-9.0,200,426.75409
-5.0,200,426.927359
-1.0,200,427.083422
-9.0,200,427.239671
-9.0,200,427.400833
-6.0,200,427.572801
-9.0,200,427.728419
-10.0,200,427.885633
-8.0,200,428.05251
5.0,200,428.220124
-6.0,200,428.380812
-6.0,200,428.536368
-6.0,200,428.705664
-7.0,200,428.88774
-13.0,200,429.063101
-2.0,200,429.232869
-11.0,200,429.413967
-16.0,200,429.584687
-8.0,200,429.749417
-105.0,200,429.905962
-3.0,200,430.068343
-6.0,200,430.236537
2.0,200,430.39428
-10.0,200,430.549642
-6.0,200,430.710503
-4.0,200,430.877274
-3.0,200,431.03562
-8.0,200,431.194277
-12.0,200,431.355228
5.0,200,431.534105
-5.0,200,431.693545
-8.0,200,431.85122
-5.0,200,432.016774
-1.0,200,432.184547
-2.0,200,432.340675
-9.0,200,432.498151
-8.0,200,432.658605
-6.0,200,432.827491
-4.0,200,432.987769
-7.0,200,433.148098
-12.0,200,433.310989
-17.0,200,433.492264
-13.0,200,433.652644
-5.0,200,433.819499
-6.0,200,433.993465
-5.0,200,434.175737
-7.0,200,434.339793
-0.0,200,434.49771
-11.0,200,434.662738
-7.0,200,434.826388
-8.0,200,434.983708
2.0,200,435.253791
-5.0,200,435.41897
-14.0,200,435.588145
-8.0,200,435.74662
-10.0,200,435.928082
-11.0,200,436.116208
-10.0,200,436.287196
-10.0,200,436.45081
-11.0,200,436.61962
-4.0,200,436.799354
-6.0,200,436.997719
-2.0,200,437.157199
4.0,200,437.313774
0.0,200,437.48509
2.0,200,437.666699
-8.0,200,437.838926
-5.0,200,438.006862
-123.0,200,438.171196
4.0,200,438.368031
-8.0,200,438.541359
-11.0,200,438.704017
-1.0,200,438.865426
3.0,200,439.03185
-1.0,200,439.19163
-8.0,200,439.35084
-8.0,200,439.514931
-1.0,200,439.682598
-6.0,200,439.84185
-3.0,200,440.001932
1.0,200,440.189341
-4.0,200,440.356318
-8.0,200,440.513439
-8.0,200,440.669262
-9.0,200,440.862009
-7.0,200,441.056898
-4.0,200,441.217786
-6.0,200,441.374984
-76.0,200,441.540252
-5.0,200,441.708143
-12.0,200,441.867821
-4.0,200,442.025587
-11.0,200,442.186789
-5.0,200,442.364962
-11.0,200,442.523605
-10.0,200,442.679926
-6.0,200,442.847256
-7.0,200,443.030444
-13.0,200,443.189219
-10.0,200,443.354016
4.0,200,443.525629
-6.0,200,443.700862
-5.0,200,443.863728
-3.0,200,444.024617
-2.0,200,444.192593
-11.0,200,444.358761
3.0,200,444.521134
-8.0,200,444.684619
-5.0,200,444.850175
-6.0,200,445.058652
-11.0,200,445.245097
-3.0,200,445.412039
-11.0,200,445.583188
-4.0,200,445.757629
-13.0,200,445.920775
-1.0,200,446.086481
-14.0,200,446.260752
-8.0,200,446.44204
-7.0,200,446.606227
-14.0,200,446.783883
-9.0,200,446.959499
-3.0,200,447.142886
-13.0,200,447.315775
-7.0,200,447.486989
-32.0,200,447.677037
-4.0,200,447.880534
-5.0,200,448.079373
4.0,200,448.259503
-6.0,200,448.44019
-10.0,200,448.704203
10.0,200,448.868842
7.0,200,449.037096
-3.0,200,449.22909
-11.0,200,449.411248
-10.0,200,449.601417
-10.0,200,449.783703
-4.0,200,449.967923
0.0,200,450.147594
-7.0,200,450.318489
-2.0,200,450.507422
-11.0,200,450.962031
-8.0,200,451.15355
-10.0,200,451.329048
-3.0,200,451.50231
-5.0,200,451.686392
-3.0,200,451.87924
-1.0,200,452.063797
-5.0,200,452.261118
-9.0,200,452.503867
-5.0,200,452.695038
-15.0,200,452.862776
-6.0,200,453.03973
-4.0,200,453.220172
-2.0,200,453.401195
-5.0,200,453.575863
-7.0,200,453.745389
-2.0,200,453.926469
-7.0,200,454.116007
-4.0,200,454.285372
11.0,200,454.497474
-79.0,200,454.726172
-10.0,200,454.91261
-11.0,200,455.080894
-5.0,200,455.253134
-5.0,200,455.430436
2.0,200,455.656977
3.0,200,455.835517
-9.0,200,456.007066
-2.0,200,456.195862
-2.0,200,456.376547
-4.0,200,456.571177
-7.0,200,456.788293
